<?xml version="1.0" encoding="utf-8"?>
<layer-list xmlns:android="http://schemas.android.com/apk/res/android">
    <item >
        <shape
            android:shape="rectangle">
            <solid android:color="#ce1000" />
            <corners
                android:radius="15dp"/>

        </shape>
    </item>
    <item android:right="1dp" android:bottom="1dp" android:left="1dp" android:top="1dp" >
        <shape
            android:shape="rectangle">
            <solid android:color="#FFF"/>
            <corners android:radius="15dp"/>
        </shape>
    </item>
</layer-list>